{"cameraMode":{"drawMode":0,"name":"Shaded","section":"Shading Mode"},"sceneLighting":true,"audioPlay":false,"sceneViewState":{"m_AlwaysRefresh":false,"showFog":true,"showSkybox":true,"showFlares":true,"showImageEffects":true,"showParticleSystems":true,"showVisualEffectGraphs":true,"m_FxEnabled":true},"in2DMode":false,"pivot":{"x":0.07493078708648682,"y":7.018219947814941,"z":1.8820260763168336},"rotation":{"x":0.052161190658807757,"y":-0.10941741615533829,"z":0.0057452828623354439,"w":0.9926220774650574},"size":0.9277843832969666,"orthographic":false}