{"cameraMode":{"drawMode":0,"name":"Shaded","section":"Shading Mode"},"sceneLighting":true,"audioPlay":false,"sceneViewState":{"m_AlwaysRefresh":false,"showFog":true,"showSkybox":true,"showFlares":true,"showImageEffects":true,"showParticleSystems":true,"showVisualEffectGraphs":true,"m_FxEnabled":true},"in2DMode":false,"pivot":{"x":58.689998626708987,"y":7.369999885559082,"z":9.883000373840332},"rotation":{"x":-0.036820314824581149,"y":-0.7286258339881897,"z":0.039469484239816669,"w":-0.6828708648681641},"size":7.835277557373047,"orthographic":false}